# [description name],[coin name],[marketcap id],[subreddit],[twitter] (Any can be None except description name),[Additional Information]
Bitcoin,bitcoin,BTC,bitcoin,None,
BitcoinBTC,bitcoin,None,btc,None,
Ethereum,Ether,ETH,ethereum,None,
Ethtrader,None,None,ethtrader,None,
Ripple,XRP,XRP,ripple,None,
RippleXRP,XRP,None,xrp,None,
Bitcoin Cash,BCH,BCH,bitcoincash,None,
BitcoinCashBch,BCH,None,bch,None,
EOS,EOS,EOS,eos,None,
EOSDev,None,None,eosdev,None,
Litecoin,Litecoin,LTC,litecoin,None,
Binance,Binance Coin,BNB,binance,None,
Tether,None,None,None,None,
Stellar,XLM,XLM,stellar,None,
Bitcoin SV,BSV,BSV,bitcoinsv,None,
Cardano,ADA,ADA,cardano,None,
Tron,TRX,TRX,tronix,None,
TronTrading,None,None,trxtrading,None,
Monero,XMR,XMR,monero,None,
MoneroTrading,None,None,xmrtrader,None,
Dash,DASH,DASH,dashpay,None,
IOTA,MIOTA,MIOTA,iota,reddit_iota,
Tezos,XTZ,XTZ,tezos,None,
Ethereum Classic,ETC,ETC,EthereumClassic,None,
Neo,Neo,NEO,NEO,neo,
VeriBlock,Veriblock,VBK,veriblock,veriblock,
siacoin,siacoin,SC,siacoin,None,
Lykke,lykke,LKK,lykke,None,
Cryptocurrency,None,None,cryptocurrency,None,
Aeon,Aeon,AEON,aeon,None,
Blocknet,Block,BLOCK,theblocknet,None,
Particl,Particl,PART,particl,None,
Factom,Factom,FCT,factom,None,
AdEx,Adex,ADX,adex,None,
Nexus,Nexus,NXS,nexusearth,None,
Monetha,Monetha,MTH,monetha,None,
Cosmos,Atom,ATOM,cosmosnetwork,None,
NEM,XEM,XEM,nem,None,
Maker,MKR,MKR,MakerDAO,None,
Ontology,ONT,ONT,OntologyNetwork,None,
Zcash,ZEC,ZEC,zec,None,
Basic Attention Token,BAT,BAT,BATProject,None,
Bitcoin Gold,BTG,BTG,btg,None,
Crypto.com Chain,CRO,CRO,Crypto_com,None,
Chainlink,LINK,LINK,Chainlink,,
ChainlinkTrader,None,None,linkTrader,,
Dogecoin,DOGE,DOGE,dogecoin,,
BitTorrent,BTT,BTT,BittorrentToken,,
USD Coin,USDC,USDC,USDC,,
Holo,HOT,HOT,holochain,,
OmiseGO,OMG,OMG,omise_go,,
Qtum,QTUM,QTUM,qtum,,
Decred,DCR,DCR,decred,,
Waves,WAVES,WAVES,Wavesplatform,,
Lisk,LSK,LSK,lisk,,
Pundi X,NPXS,NPXS,PundiX,,
TrueUSD,TUSD,TUSD,None,,
Nano,NANO,NANO,nanocurrency,,
Augur,REP,REP,Augur,,
Bitcoin Diamond,BCD,BCD,BitcoinDiamond,,
Ravencoin,RVN,RVN,Ravencoin,,
0x,ZRX,ZRX,0xProject,,
DigiByte,DGB,DGB,Digibyte,,
ICON,ICX,ICX,helloicon,,
Aurora,AOA,AOA,None,,
BitShares,BTS,BTS,BitShares,,
Zilliqa,ZIL,ZIL,zilliqa,,
Paxos Standard Token,PAX,PAX,PaxosStandardToken,,
Huobi Token,HT,HT,huobi,,
Verge,XVG,XVG,vergecurrency,,
Bytecoin,BCN,BCN,,,
IOST,IOST,IOST,,,
Komodo,KMD,KMD,,,
Aeternity,AE,AE,,,
Siacoin,SC,SC,,,
Qubitica,QBIT,QBIT,,,
ABBC Coin,ABBC,ABBC,,,
THETA,THETA,THETA,,,
Enjin Coin,ENJ,ENJ,,,
Steem,STEEM,STEEM,,,
Bytom,BTM,BTM,,,
Dent,DENT,DENT,,,
MaidSafeCoin,MAID,MAID,,,
ThoreCoin,THR,THR,,,
Mixin,XIN,XIN,,,
Crypto.com,MCO,MCO,,,
Status,SNT,SNT,,,
Stratis,STRAT,STRAT,,,
Golem,GNT,GNT,,,
KuCoin Shares,KCS,KCS,,,
SOLVE,SOLVE,SOLVE,,,
Waltonchain,WTC,WTC,,,
Metaverse ETP,ETP,ETP,,,
Cryptonex,CNX,CNX,,,
Insight Chain,INB,INB,,,
aelf,ELF,ELF,,,
TrueChain,TRUE,TRUE,,,
Ardor,ARDR,ARDR,,,
VestChain,VEST,VEST,,,
Dai,DAI,DAI,,,
Factom,FCT,FCT,,,
Maximine Coin,MXM,MXM,,,
Project Pai,PAI,PAI,,,
Horizen,ZEN,ZEN,,,
MonaCoin,MONA,MONA,,,
WAX,WAX,WAX,,,
Decentraland,MANA,MANA,,,
DigixDAO,DGD,DGD,,,
Ark,ARK,ARK,,,
GXChain,GXC,GXC,,,
Theta Fuel,TFUEL,TFUEL,,,
Santiment Network To,SAN,SAN,,,
Revain,R,R,,,
Loopring,LRC,LRC,,,
Loom Network,LOOM,LOOM,,,
Nash Exchange,NEX,NEX,,,
Aion,AION,AION,,,
Orbs,ORBS,ORBS,,,